<?xml version='1.0' encoding='UTF-8'?>
<?artifactRepository version='1.1.0'?>
<repository name='Bundle pool' type='org.eclipse.equinox.p2.artifact.repository.simpleRepository' version='1'>
  <properties size='2'>
    <property name='p2.system' value='true'/>
    <property name='p2.timestamp' value='1492408662579'/>
  </properties>
  <mappings size='3'>
    <rule filter='(&amp; (classifier=osgi.bundle))' output='${repoUrl}/plugins/${id}_${version}.jar'/>
    <rule filter='(&amp; (classifier=binary))' output='${repoUrl}/binary/${id}_${version}'/>
    <rule filter='(&amp; (classifier=org.eclipse.update.feature))' output='${repoUrl}/features/${id}_${version}.jar'/>
  </mappings>
  <artifacts size='122'>
    <artifact classifier='osgi.bundle' id='javax.annotation' version='1.2.0.v201602091430'>
      <properties size='1'>
        <property name='download.size' value='29148'/>
      </properties>
    </artifact>
    <artifact classifier='osgi.bundle' id='org.eclipse.ui.views' version='3.8.102.v20170111-0801'>
      <properties size='1'>
        <property name='download.size' value='110627'/>
      </properties>
    </artifact>
    <artifact classifier='osgi.bundle' id='org.eclipse.e4.ui.widgets' version='1.1.100.v20160506-0759'>
      <properties size='1'>
        <property name='download.size' value='15378'/>
      </properties>
    </artifact>
    <artifact classifier='osgi.bundle' id='com.ibm.icu' version='56.1.0.v201601250100'>
      <properties size='1'>
        <property name='download.size' value='11365876'/>
      </properties>
    </artifact>
    <artifact classifier='osgi.bundle' id='org.eclipse.emf.ecore' version='2.12.0.v20160420-0247'>
      <properties size='1'>
        <property name='download.size' value='1190945'/>
      </properties>
    </artifact>
    <artifact classifier='osgi.bundle' id='org.eclipse.jface.databinding' version='1.8.1.v20161026-1531'>
      <properties size='1'>
        <property name='download.size' value='290885'/>
      </properties>
    </artifact>
    <artifact classifier='osgi.bundle' id='org.eclipse.ui.ide' version='3.12.3.v20170119-0935'>
      <properties size='1'>
        <property name='download.size' value='2384833'/>
      </properties>
    </artifact>
    <artifact classifier='osgi.bundle' id='org.eclipse.e4.ui.workbench.addons.swt' version='1.2.101.v20170206-1129'>
      <properties size='1'>
        <property name='download.size' value='152399'/>
      </properties>
    </artifact>
    <artifact classifier='osgi.bundle' id='org.eclipse.core.filesystem' version='1.6.1.v20161113-2349'>
      <properties size='1'>
        <property name='download.size' value='66579'/>
      </properties>
    </artifact>
    <artifact classifier='osgi.bundle' id='org.eclipse.core.resources.win32.x86' version='3.5.100.v20140124-1940'>
      <properties size='1'>
        <property name='download.size' value='18056'/>
      </properties>
    </artifact>
    <artifact classifier='osgi.bundle' id='org.eclipse.e4.emf.xpath' version='0.1.200.v20160506-0804'>
      <properties size='1'>
        <property name='download.size' value='50089'/>
      </properties>
    </artifact>
    <artifact classifier='osgi.bundle' id='org.eclipse.e4.ui.workbench3' version='0.13.100.v20160506-0759'>
      <properties size='1'>
        <property name='download.size' value='10954'/>
      </properties>
    </artifact>
    <artifact classifier='osgi.bundle' id='org.eclipse.equinox.preferences' version='3.6.1.v20160815-1406'>
      <properties size='1'>
        <property name='download.size' value='133114'/>
      </properties>
    </artifact>
    <artifact classifier='osgi.bundle' id='org.eclipse.e4.ui.model.workbench' version='1.2.0.v20160229-1459'>
      <properties size='1'>
        <property name='download.size' value='385199'/>
      </properties>
    </artifact>
    <artifact classifier='osgi.bundle' id='org.eclipse.equinox.p2.artifact.repository' version='1.1.500.v20160419-0834'>
      <properties size='1'>
        <property name='download.size' value='141186'/>
      </properties>
    </artifact>
    <artifact classifier='osgi.bundle' id='org.eclipse.equinox.frameworkadmin.equinox' version='1.0.700.v20160102-2223'>
      <properties size='1'>
        <property name='download.size' value='64629'/>
      </properties>
    </artifact>
    <artifact classifier='osgi.bundle' id='org.eclipse.e4.core.di.extensions' version='0.14.0.v20160211-1614'>
      <properties size='1'>
        <property name='download.size' value='27795'/>
      </properties>
    </artifact>
    <artifact classifier='osgi.bundle' id='org.sat4j.core' version='2.3.5.v201308161310'>
      <properties size='1'>
        <property name='download.size' value='362968'/>
      </properties>
    </artifact>
    <artifact classifier='osgi.bundle' id='org.eclipse.help' version='3.7.0.v20160602-1307'>
      <properties size='1'>
        <property name='download.size' value='269916'/>
      </properties>
    </artifact>
    <artifact classifier='osgi.bundle' id='org.eclipse.compare' version='3.7.1.v20170103-1805'>
      <properties size='1'>
        <property name='download.size' value='799573'/>
      </properties>
    </artifact>
    <artifact classifier='osgi.bundle' id='org.eclipse.core.databinding.observable' version='1.6.0.v20160511-1747'>
      <properties size='1'>
        <property name='download.size' value='354911'/>
      </properties>
    </artifact>
    <artifact classifier='osgi.bundle' id='org.eclipse.core.databinding' version='1.6.0.v20160412-0910'>
      <properties size='1'>
        <property name='download.size' value='204409'/>
      </properties>
    </artifact>
    <artifact classifier='osgi.bundle' id='org.eclipse.equinox.bidi' version='1.0.0.v20160307-1318'>
      <properties size='1'>
        <property name='download.size' value='49755'/>
      </properties>
    </artifact>
    <artifact classifier='osgi.bundle' id='org.eclipse.fx.osgi' version='2.4.0.201605100504'>
      <properties size='1'>
        <property name='download.size' value='23368'/>
      </properties>
    </artifact>
    <artifact classifier='osgi.bundle' id='org.eclipse.ui.forms' version='3.7.1.v20161220-1635'>
      <properties size='1'>
        <property name='download.size' value='348118'/>
      </properties>
    </artifact>
    <artifact classifier='osgi.bundle' id='org.tukaani.xz' version='1.3.0.v201308270617'>
      <properties size='1'>
        <property name='download.size' value='109753'/>
      </properties>
    </artifact>
    <artifact classifier='osgi.bundle' id='org.w3c.dom.svg' version='1.1.0.v201011041433'>
      <properties size='1'>
        <property name='download.size' value='87897'/>
      </properties>
    </artifact>
    <artifact classifier='osgi.bundle' id='org.eclipse.ltk.core.refactoring' version='3.7.0.v20160419-0705'>
      <properties size='1'>
        <property name='download.size' value='345037'/>
      </properties>
    </artifact>
    <artifact classifier='osgi.bundle' id='org.apache.batik.css' version='1.7.0.v201011041433'>
      <properties size='1'>
        <property name='download.size' value='343722'/>
      </properties>
    </artifact>
    <artifact classifier='osgi.bundle' id='org.eclipse.e4.core.services' version='2.0.100.v20160509-1032'>
      <properties size='1'>
        <property name='download.size' value='54479'/>
      </properties>
    </artifact>
    <artifact classifier='osgi.bundle' id='org.eclipse.e4.ui.di' version='1.1.100.v20160506-0759'>
      <properties size='1'>
        <property name='download.size' value='16800'/>
      </properties>
    </artifact>
    <artifact classifier='osgi.bundle' id='org.eclipse.core.runtime' version='3.12.0.v20160606-1342'>
      <properties size='1'>
        <property name='download.size' value='75728'/>
      </properties>
    </artifact>
    <artifact classifier='osgi.bundle' id='org.eclipse.e4.ui.workbench.swt' version='0.14.1.v20160829-0832'>
      <properties size='1'>
        <property name='download.size' value='191811'/>
      </properties>
    </artifact>
    <artifact classifier='osgi.bundle' id='org.eclipse.equinox.p2.core' version='2.4.100.v20160419-0834'>
      <properties size='1'>
        <property name='download.size' value='73322'/>
      </properties>
    </artifact>
    <artifact classifier='osgi.bundle' id='org.eclipse.ui.workbench' version='3.108.3.v20170216-1539'>
      <properties size='1'>
        <property name='download.size' value='4041043'/>
      </properties>
    </artifact>
    <artifact classifier='osgi.bundle' id='javax.xml' version='1.3.4.v201005080400'>
      <properties size='1'>
        <property name='download.size' value='237996'/>
      </properties>
    </artifact>
    <artifact classifier='osgi.bundle' id='org.apache.commons.jxpath' version='1.3.0.v200911051830'>
      <properties size='1'>
        <property name='download.size' value='315491'/>
      </properties>
    </artifact>
    <artifact classifier='osgi.bundle' id='org.eclipse.equinox.app' version='1.3.400.v20150715-1528'>
      <properties size='1'>
        <property name='download.size' value='87766'/>
      </properties>
    </artifact>
    <artifact classifier='osgi.bundle' id='org.eclipse.team.core' version='3.8.0.v20160418-1534'>
      <properties size='1'>
        <property name='download.size' value='426162'/>
      </properties>
    </artifact>
    <artifact classifier='osgi.bundle' id='org.apache.batik.util.gui' version='1.7.0.v200903091627'>
      <properties size='1'>
        <property name='download.size' value='201287'/>
      </properties>
    </artifact>
    <artifact classifier='osgi.bundle' id='org.eclipse.core.jobs' version='3.8.0.v20160509-0411'>
      <properties size='1'>
        <property name='download.size' value='111093'/>
      </properties>
    </artifact>
    <artifact classifier='osgi.bundle' id='org.eclipse.ui' version='3.108.1.v20160929-1045'>
      <properties size='1'>
        <property name='download.size' value='396072'/>
      </properties>
    </artifact>
    <artifact classifier='osgi.bundle' id='org.eclipse.equinox.concurrent' version='1.1.0.v20130327-1442'>
      <properties size='1'>
        <property name='download.size' value='25493'/>
      </properties>
    </artifact>
    <artifact classifier='osgi.bundle' id='org.eclipse.equinox.simpleconfigurator.manipulator' version='2.0.200.v20160504-1450'>
      <properties size='1'>
        <property name='download.size' value='26379'/>
      </properties>
    </artifact>
    <artifact classifier='osgi.bundle' id='org.eclipse.text' version='3.6.0.v20160503-1849'>
      <properties size='1'>
        <property name='download.size' value='269227'/>
      </properties>
    </artifact>
    <artifact classifier='osgi.bundle' id='org.eclipse.core.contenttype' version='3.5.100.v20160418-1621'>
      <properties size='1'>
        <property name='download.size' value='101190'/>
      </properties>
    </artifact>
    <artifact classifier='osgi.bundle' id='org.eclipse.core.variables' version='3.3.0.v20160419-1720'>
      <properties size='1'>
        <property name='download.size' value='36017'/>
      </properties>
    </artifact>
    <artifact classifier='osgi.bundle' id='org.eclipse.ui.console' version='3.6.201.v20161107-0337'>
      <properties size='1'>
        <property name='download.size' value='213276'/>
      </properties>
    </artifact>
    <artifact classifier='osgi.bundle' id='org.eclipse.core.resources' version='3.11.1.v20161107-2032'>
      <properties size='1'>
        <property name='download.size' value='882701'/>
      </properties>
    </artifact>
    <artifact classifier='osgi.bundle' id='org.eclipse.ui.views.properties.tabbed' version='3.7.0.v20160310-0903'>
      <properties size='1'>
        <property name='download.size' value='110526'/>
      </properties>
    </artifact>
    <artifact classifier='osgi.bundle' id='org.eclipse.ltk.ui.refactoring' version='3.8.0.v20160518-1817'>
      <properties size='1'>
        <property name='download.size' value='503766'/>
      </properties>
    </artifact>
    <artifact classifier='osgi.bundle' id='org.eclipse.equinox.p2.repository' version='2.3.200.v20160421-0324'>
      <properties size='1'>
        <property name='download.size' value='134293'/>
      </properties>
    </artifact>
    <artifact classifier='osgi.bundle' id='org.eclipse.equinox.p2.publisher' version='1.4.100.v20160504-1450'>
      <properties size='1'>
        <property name='download.size' value='96264'/>
      </properties>
    </artifact>
    <artifact classifier='osgi.bundle' id='org.eclipse.core.databinding.property' version='1.6.0.v20160427-0852'>
      <properties size='1'>
        <property name='download.size' value='196421'/>
      </properties>
    </artifact>
    <artifact classifier='osgi.bundle' id='org.eclipse.equinox.launcher' version='1.3.201.v20161025-1711'>
      <properties size='1'>
        <property name='download.size' value='51766'/>
      </properties>
    </artifact>
    <artifact classifier='osgi.bundle' id='org.eclipse.equinox.p2.engine' version='2.4.100.v20160419-0834'>
      <properties size='1'>
        <property name='download.size' value='207690'/>
      </properties>
    </artifact>
    <artifact classifier='osgi.bundle' id='org.eclipse.e4.ui.workbench.renderers.swt' version='0.14.1.v20170117-1415'>
      <properties size='1'>
        <property name='download.size' value='300388'/>
      </properties>
    </artifact>
    <artifact classifier='osgi.bundle' id='org.eclipse.e4.core.commands' version='0.11.100.v20160506-0804'>
      <properties size='1'>
        <property name='download.size' value='26000'/>
      </properties>
    </artifact>
    <artifact classifier='osgi.bundle' id='org.eclipse.equinox.util' version='1.0.500.v20130404-1337'>
      <properties size='1'>
        <property name='download.size' value='77932'/>
      </properties>
    </artifact>
    <artifact classifier='osgi.bundle' id='org.eclipse.e4.core.di' version='1.6.1.v20160712-0927'>
      <properties size='1'>
        <property name='download.size' value='54696'/>
      </properties>
    </artifact>
    <artifact classifier='osgi.bundle' id='org.eclipse.emf.ecore.xmi' version='2.12.0.v20160420-0247'>
      <properties size='1'>
        <property name='download.size' value='230424'/>
      </properties>
    </artifact>
    <artifact classifier='osgi.bundle' id='org.eclipse.equinox.p2.director' version='2.3.300.v20160504-1450'>
      <properties size='1'>
        <property name='download.size' value='104577'/>
      </properties>
    </artifact>
    <artifact classifier='osgi.bundle' id='org.eclipse.emf.databinding' version='1.3.0.v20160526-0356'>
      <properties size='1'>
        <property name='download.size' value='89562'/>
      </properties>
    </artifact>
    <artifact classifier='osgi.bundle' id='org.eclipse.e4.ui.bindings' version='0.11.100.v20160509-1025'>
      <properties size='1'>
        <property name='download.size' value='50737'/>
      </properties>
    </artifact>
    <artifact classifier='osgi.bundle' id='org.eclipse.osgi.compatibility.state' version='1.0.200.v20160504-1419'>
      <properties size='1'>
        <property name='download.size' value='244042'/>
      </properties>
    </artifact>
    <artifact classifier='osgi.bundle' id='org.sat4j.pb' version='2.3.5.v201404071733'>
      <properties size='1'>
        <property name='download.size' value='241956'/>
      </properties>
    </artifact>
    <artifact classifier='osgi.bundle' id='org.eclipse.ui.navigator' version='3.6.101.v20161006-1120'>
      <properties size='1'>
        <property name='download.size' value='437132'/>
      </properties>
    </artifact>
    <artifact classifier='osgi.bundle' id='org.eclipse.e4.core.di.annotations' version='1.5.0.v20151127-1241'>
      <properties size='1'>
        <property name='download.size' value='11738'/>
      </properties>
    </artifact>
    <artifact classifier='osgi.bundle' id='org.eclipse.equinox.p2.publisher.eclipse' version='1.2.100.v20160504-1450'>
      <properties size='1'>
        <property name='download.size' value='233445'/>
      </properties>
    </artifact>
    <artifact classifier='osgi.bundle' id='org.eclipse.swt' version='3.105.3.v20170228-0512'>
      <properties size='1'>
        <property name='download.size' value='19651'/>
      </properties>
    </artifact>
    <artifact classifier='osgi.bundle' id='org.eclipse.e4.ui.services' version='1.2.100.v20160506-0759'>
      <properties size='1'>
        <property name='download.size' value='28151'/>
      </properties>
    </artifact>
    <artifact classifier='osgi.bundle' id='org.eclipse.swt.win32.win32.x86' version='3.105.3.v20170228-0512'>
      <properties size='1'>
        <property name='download.size' value='2869283'/>
      </properties>
    </artifact>
    <artifact classifier='osgi.bundle' id='org.eclipse.ui.editors' version='3.10.1.v20161106-1856'>
      <properties size='1'>
        <property name='download.size' value='612214'/>
      </properties>
    </artifact>
    <artifact classifier='osgi.bundle' id='org.eclipse.update.configurator' version='3.3.400.v20160506-0750'>
      <properties size='1'>
        <property name='download.size' value='102634'/>
      </properties>
    </artifact>
    <artifact classifier='osgi.bundle' id='org.eclipse.equinox.launcher.win32.win32.x86' version='1.1.401.v20161122-1740'>
      <properties size='1'>
        <property name='download.size' value='28256'/>
      </properties>
      <repositoryProperties size='1'>
        <property name='artifact.folder' value='true'/>
      </repositoryProperties>
    </artifact>
    <artifact classifier='osgi.bundle' id='org.apache.commons.logging' version='1.1.1.v201101211721'>
      <properties size='1'>
        <property name='download.size' value='74240'/>
      </properties>
    </artifact>
    <artifact classifier='osgi.bundle' id='org.w3c.dom.events' version='3.0.0.draft20060413_v201105210656'>
      <properties size='1'>
        <property name='download.size' value='13309'/>
      </properties>
    </artifact>
    <artifact classifier='osgi.bundle' id='org.eclipse.emf.common' version='2.12.0.v20160420-0247'>
      <properties size='1'>
        <property name='download.size' value='357670'/>
      </properties>
    </artifact>
    <artifact classifier='osgi.bundle' id='org.eclipse.jface' version='3.12.2.v20170113-2113'>
      <properties size='1'>
        <property name='download.size' value='1087190'/>
      </properties>
    </artifact>
    <artifact classifier='osgi.bundle' id='org.eclipse.ui.ide.application' version='1.1.101.v20160829-0827'>
      <properties size='1'>
        <property name='download.size' value='95438'/>
      </properties>
    </artifact>
    <artifact classifier='osgi.bundle' id='org.eclipse.equinox.frameworkadmin' version='2.0.300.v20160504-1450'>
      <properties size='1'>
        <property name='download.size' value='37428'/>
      </properties>
    </artifact>
    <artifact classifier='osgi.bundle' id='org.eclipse.equinox.p2.touchpoint.eclipse' version='2.1.400.v20160419-0834'>
      <properties size='1'>
        <property name='download.size' value='128908'/>
      </properties>
    </artifact>
    <artifact classifier='osgi.bundle' id='org.rebecalang.afra.ideplugin' version='3.0.0.201704170556'>
      <properties size='1'>
        <property name='download.size' value='16156720'/>
      </properties>
    </artifact>
    <artifact classifier='osgi.bundle' id='org.eclipse.equinox.common' version='3.8.0.v20160509-1230'>
      <properties size='1'>
        <property name='download.size' value='120435'/>
      </properties>
    </artifact>
    <artifact classifier='osgi.bundle' id='org.eclipse.equinox.registry' version='3.6.100.v20160223-2218'>
      <properties size='1'>
        <property name='download.size' value='186860'/>
      </properties>
    </artifact>
    <artifact classifier='osgi.bundle' id='org.eclipse.core.filebuffers' version='3.6.0.v20160503-1849'>
      <properties size='1'>
        <property name='download.size' value='122203'/>
      </properties>
    </artifact>
    <artifact classifier='osgi.bundle' id='org.eclipse.e4.core.contexts' version='1.5.1.v20170203-1100'>
      <properties size='1'>
        <property name='download.size' value='48157'/>
      </properties>
    </artifact>
    <artifact classifier='osgi.bundle' id='org.eclipse.equinox.p2.directorywatcher' version='1.1.100.v20150423-1455'>
      <properties size='1'>
        <property name='download.size' value='33007'/>
      </properties>
    </artifact>
    <artifact classifier='osgi.bundle' id='org.eclipse.equinox.p2.metadata.repository' version='1.2.300.v20160419-0834'>
      <properties size='1'>
        <property name='download.size' value='122479'/>
      </properties>
    </artifact>
    <artifact classifier='osgi.bundle' id='org.eclipse.core.databinding.beans' version='1.3.100.v20160509-1025'>
      <properties size='1'>
        <property name='download.size' value='80155'/>
      </properties>
    </artifact>
    <artifact classifier='osgi.bundle' id='org.eclipse.team.ui' version='3.8.0.v20160518-1906'>
      <properties size='1'>
        <property name='download.size' value='1536964'/>
      </properties>
    </artifact>
    <artifact classifier='osgi.bundle' id='org.apache.batik.util' version='1.7.0.v201011041433'>
      <properties size='1'>
        <property name='download.size' value='150535'/>
      </properties>
    </artifact>
    <artifact classifier='osgi.bundle' id='org.eclipse.equinox.p2.garbagecollector' version='1.0.300.v20160504-1450'>
      <properties size='1'>
        <property name='download.size' value='25987'/>
      </properties>
    </artifact>
    <artifact classifier='osgi.bundle' id='org.eclipse.equinox.p2.reconciler.dropins' version='1.1.400.v20160504-1450'>
      <properties size='1'>
        <property name='download.size' value='49357'/>
      </properties>
    </artifact>
    <artifact classifier='osgi.bundle' id='org.eclipse.emf.ecore.change' version='2.11.0.v20160420-0247'>
      <properties size='1'>
        <property name='download.size' value='87096'/>
      </properties>
    </artifact>
    <artifact classifier='osgi.bundle' id='org.eclipse.ui.workbench.texteditor' version='3.10.1.v20160818-1626'>
      <properties size='1'>
        <property name='download.size' value='667595'/>
      </properties>
    </artifact>
    <artifact classifier='osgi.bundle' id='org.eclipse.ui.navigator.resources' version='3.5.101.v20161006-0640'>
      <properties size='1'>
        <property name='download.size' value='162342'/>
      </properties>
    </artifact>
    <artifact classifier='osgi.bundle' id='org.eclipse.zest.layouts' version='1.1.300.201606061308'>
      <properties size='1'>
        <property name='download.size' value='133142'/>
      </properties>
    </artifact>
    <artifact classifier='osgi.bundle' id='org.eclipse.e4.ui.css.core' version='0.12.1.v20161114-0210'>
      <properties size='1'>
        <property name='download.size' value='215924'/>
      </properties>
    </artifact>
    <artifact classifier='osgi.bundle' id='org.eclipse.jface.text' version='3.11.2.v20170220-1911'>
      <properties size='1'>
        <property name='download.size' value='1070493'/>
      </properties>
    </artifact>
    <artifact classifier='osgi.bundle' id='org.w3c.dom.smil' version='1.0.1.v200903091627'>
      <properties size='1'>
        <property name='download.size' value='19439'/>
      </properties>
    </artifact>
    <artifact classifier='osgi.bundle' id='org.eclipse.equinox.p2.extensionlocation' version='1.2.300.v20160419-0834'>
      <properties size='1'>
        <property name='download.size' value='36213'/>
      </properties>
    </artifact>
    <artifact classifier='osgi.bundle' id='javax.inject' version='1.0.0.v20091030'>
      <properties size='1'>
        <property name='download.size' value='12288'/>
      </properties>
    </artifact>
    <artifact classifier='osgi.bundle' id='org.eclipse.core.filesystem.win32.x86' version='1.4.0.v20140124-1940'>
      <properties size='1'>
        <property name='download.size' value='27700'/>
      </properties>
    </artifact>
    <artifact classifier='osgi.bundle' id='org.eclipse.equinox.security' version='1.2.200.v20150715-1528'>
      <properties size='1'>
        <property name='download.size' value='109600'/>
      </properties>
    </artifact>
    <artifact classifier='osgi.bundle' id='org.eclipse.core.expressions' version='3.5.100.v20160418-1621'>
      <properties size='1'>
        <property name='download.size' value='91504'/>
      </properties>
    </artifact>
    <artifact classifier='osgi.bundle' id='org.eclipse.zest.core' version='1.5.300.201606061308'>
      <properties size='1'>
        <property name='download.size' value='150762'/>
      </properties>
    </artifact>
    <artifact classifier='osgi.bundle' id='org.eclipse.core.commands' version='3.8.1.v20161221-1651'>
      <properties size='1'>
        <property name='download.size' value='115396'/>
      </properties>
    </artifact>
    <artifact classifier='osgi.bundle' id='org.eclipse.equinox.ds' version='1.4.400.v20160226-2036'>
      <properties size='1'>
        <property name='download.size' value='196894'/>
      </properties>
    </artifact>
    <artifact classifier='osgi.bundle' id='org.eclipse.osgi' version='3.11.3.v20170209-1843'>
      <properties size='1'>
        <property name='download.size' value='1367994'/>
      </properties>
    </artifact>
    <artifact classifier='osgi.bundle' id='org.eclipse.e4.ui.css.swt.theme' version='0.10.100.v20160523-0836'>
      <properties size='1'>
        <property name='download.size' value='27497'/>
      </properties>
    </artifact>
    <artifact classifier='osgi.bundle' id='org.eclipse.draw2d' version='3.10.100.201606061308'>
      <properties size='1'>
        <property name='download.size' value='616652'/>
      </properties>
    </artifact>
    <artifact classifier='osgi.bundle' id='org.w3c.css.sac' version='1.3.1.v200903091627'>
      <properties size='1'>
        <property name='download.size' value='32952'/>
      </properties>
    </artifact>
    <artifact classifier='osgi.bundle' id='org.eclipse.osgi.services' version='3.5.100.v20160504-1419'>
      <properties size='1'>
        <property name='download.size' value='111152'/>
      </properties>
    </artifact>
    <artifact classifier='osgi.bundle' id='org.eclipse.equinox.simpleconfigurator' version='1.1.200.v20160504-1450'>
      <properties size='1'>
        <property name='download.size' value='44424'/>
      </properties>
    </artifact>
    <artifact classifier='osgi.bundle' id='org.eclipse.e4.ui.css.swt' version='0.12.100.v20160517-1505'>
      <properties size='1'>
        <property name='download.size' value='259445'/>
      </properties>
    </artifact>
    <artifact classifier='osgi.bundle' id='org.eclipse.equinox.event' version='1.3.200.v20160324-1850'>
      <properties size='1'>
        <property name='download.size' value='34366'/>
      </properties>
    </artifact>
    <artifact classifier='osgi.bundle' id='org.eclipse.equinox.p2.jarprocessor' version='1.0.500.v20160504-1450'>
      <properties size='1'>
        <property name='download.size' value='72608'/>
      </properties>
    </artifact>
    <artifact classifier='osgi.bundle' id='org.eclipse.core.net' version='1.3.0.v20160418-1534'>
      <properties size='1'>
        <property name='download.size' value='74341'/>
      </properties>
    </artifact>
    <artifact classifier='osgi.bundle' id='org.eclipse.equinox.p2.metadata' version='2.3.100.v20160427-2220'>
      <properties size='1'>
        <property name='download.size' value='343607'/>
      </properties>
    </artifact>
    <artifact classifier='osgi.bundle' id='org.eclipse.compare.core' version='3.6.0.v20160418-1534'>
      <properties size='1'>
        <property name='download.size' value='66969'/>
      </properties>
    </artifact>
    <artifact classifier='osgi.bundle' id='org.eclipse.e4.ui.workbench' version='1.4.0.v20160517-1624'>
      <properties size='1'>
        <property name='download.size' value='249245'/>
      </properties>
    </artifact>
  </artifacts>
</repository>
