<?xml version='1.0' encoding='UTF-8'?>
<?artifactRepository version='1.1.0'?>
<repository name='Bundle pool' type='org.eclipse.equinox.p2.artifact.repository.simpleRepository' version='1'>
  <properties size='2'>
    <property name='p2.system' value='true'/>
    <property name='p2.timestamp' value='1538843138040'/>
  </properties>
  <mappings size='3'>
    <rule filter='(&amp; (classifier=osgi.bundle))' output='${repoUrl}/plugins/${id}_${version}.jar'/>
    <rule filter='(&amp; (classifier=binary))' output='${repoUrl}/binary/${id}_${version}'/>
    <rule filter='(&amp; (classifier=org.eclipse.update.feature))' output='${repoUrl}/features/${id}_${version}.jar'/>
  </mappings>
  <artifacts size='126'>
    <artifact classifier='osgi.bundle' id='javax.annotation' version='1.2.0.v201602091430'>
      <properties size='1'>
        <property name='download.size' value='29148'/>
      </properties>
    </artifact>
    <artifact classifier='osgi.bundle' id='org.eclipse.core.jobs' version='3.9.3.v20180115-1757'>
      <properties size='1'>
        <property name='download.size' value='107579'/>
      </properties>
    </artifact>
    <artifact classifier='osgi.bundle' id='org.eclipse.osgi.compatibility.state' version='1.1.0.v20170516-1513'>
      <properties size='1'>
        <property name='download.size' value='244476'/>
      </properties>
    </artifact>
    <artifact classifier='osgi.bundle' id='org.eclipse.e4.ui.services' version='1.3.0.v20170307-2032'>
      <properties size='1'>
        <property name='download.size' value='25795'/>
      </properties>
    </artifact>
    <artifact classifier='osgi.bundle' id='org.eclipse.equinox.p2.metadata.repository' version='1.2.401.v20170906-1259'>
      <properties size='1'>
        <property name='download.size' value='122449'/>
      </properties>
    </artifact>
    <artifact classifier='osgi.bundle' id='org.eclipse.swt' version='3.106.3.v20180329-0507'>
      <properties size='1'>
        <property name='download.size' value='19371'/>
      </properties>
    </artifact>
    <artifact classifier='osgi.bundle' id='org.eclipse.ui.navigator.resources' version='3.6.1.v20170823-1443'>
      <properties size='1'>
        <property name='download.size' value='172403'/>
      </properties>
    </artifact>
    <artifact classifier='osgi.bundle' id='org.eclipse.equinox.simpleconfigurator.manipulator' version='2.0.300.v20170515-0721'>
      <properties size='1'>
        <property name='download.size' value='26560'/>
      </properties>
    </artifact>
    <artifact classifier='osgi.bundle' id='org.eclipse.compare' version='3.7.101.v20170724-1603'>
      <properties size='1'>
        <property name='download.size' value='878334'/>
      </properties>
    </artifact>
    <artifact classifier='osgi.bundle' id='org.eclipse.e4.ui.di' version='1.2.100.v20170414-1137'>
      <properties size='1'>
        <property name='download.size' value='17592'/>
      </properties>
    </artifact>
    <artifact classifier='osgi.bundle' id='org.eclipse.e4.ui.css.core' version='0.12.101.v20170712-1547'>
      <properties size='1'>
        <property name='download.size' value='216059'/>
      </properties>
    </artifact>
    <artifact classifier='osgi.bundle' id='org.eclipse.equinox.launcher.win32.win32.x86_64' version='1.1.551.v20171108-1834'>
      <properties size='1'>
        <property name='download.size' value='30235'/>
      </properties>
      <repositoryProperties size='1'>
        <property name='artifact.folder' value='true'/>
      </repositoryProperties>
    </artifact>
    <artifact classifier='osgi.bundle' id='org.eclipse.equinox.launcher' version='1.4.0.v20161219-1356'>
      <properties size='1'>
        <property name='download.size' value='54427'/>
      </properties>
    </artifact>
    <artifact classifier='osgi.bundle' id='org.sat4j.core' version='2.3.5.v201308161310'>
      <properties size='1'>
        <property name='download.size' value='362968'/>
      </properties>
    </artifact>
    <artifact classifier='osgi.bundle' id='org.eclipse.core.databinding.property' version='1.6.100.v20170515-1119'>
      <properties size='1'>
        <property name='download.size' value='196563'/>
      </properties>
    </artifact>
    <artifact classifier='osgi.bundle' id='org.eclipse.jface' version='3.13.2.v20171022-1656'>
      <properties size='1'>
        <property name='download.size' value='1097110'/>
      </properties>
    </artifact>
    <artifact classifier='osgi.bundle' id='org.eclipse.core.runtime' version='3.13.0.v20170207-1030'>
      <properties size='1'>
        <property name='download.size' value='75827'/>
      </properties>
    </artifact>
    <artifact classifier='osgi.bundle' id='org.rebecalang.afra.ideplugin' version='3.0.0.201810061624'>
      <properties size='1'>
        <property name='download.size' value='16206691'/>
      </properties>
    </artifact>
    <artifact classifier='osgi.bundle' id='org.eclipse.core.commands' version='3.9.0.v20170530-1048'>
      <properties size='1'>
        <property name='download.size' value='115689'/>
      </properties>
    </artifact>
    <artifact classifier='osgi.bundle' id='org.w3c.dom.svg' version='1.1.0.v201011041433'>
      <properties size='1'>
        <property name='download.size' value='87897'/>
      </properties>
    </artifact>
    <artifact classifier='osgi.bundle' id='org.tukaani.xz' version='1.5.0.v20170111-1717'>
      <properties size='1'>
        <property name='download.size' value='118324'/>
      </properties>
    </artifact>
    <artifact classifier='osgi.bundle' id='org.eclipse.e4.ui.workbench.addons.swt' version='1.3.1.v20170319-1442'>
      <properties size='1'>
        <property name='download.size' value='157046'/>
      </properties>
    </artifact>
    <artifact classifier='osgi.bundle' id='org.eclipse.emf.ecore.xmi' version='2.13.0.v20170609-0707'>
      <properties size='1'>
        <property name='download.size' value='230576'/>
      </properties>
    </artifact>
    <artifact classifier='osgi.bundle' id='javax.xml' version='1.3.4.v201005080400'>
      <properties size='1'>
        <property name='download.size' value='237996'/>
      </properties>
    </artifact>
    <artifact classifier='osgi.bundle' id='org.apache.commons.jxpath' version='1.3.0.v200911051830'>
      <properties size='1'>
        <property name='download.size' value='315491'/>
      </properties>
    </artifact>
    <artifact classifier='osgi.bundle' id='org.eclipse.equinox.app' version='1.3.400.v20150715-1528'>
      <properties size='1'>
        <property name='download.size' value='87766'/>
      </properties>
    </artifact>
    <artifact classifier='osgi.bundle' id='org.eclipse.equinox.simpleconfigurator' version='1.2.1.v20180131-1435'>
      <properties size='1'>
        <property name='download.size' value='46392'/>
      </properties>
    </artifact>
    <artifact classifier='osgi.bundle' id='org.eclipse.equinox.event' version='1.4.0.v20170105-1446'>
      <properties size='1'>
        <property name='download.size' value='34721'/>
      </properties>
    </artifact>
    <artifact classifier='osgi.bundle' id='org.eclipse.e4.ui.widgets' version='1.2.0.v20160630-0736'>
      <properties size='1'>
        <property name='download.size' value='15385'/>
      </properties>
    </artifact>
    <artifact classifier='osgi.bundle' id='org.eclipse.e4.ui.css.swt' version='0.13.1.v20170808-1940'>
      <properties size='1'>
        <property name='download.size' value='262291'/>
      </properties>
    </artifact>
    <artifact classifier='osgi.bundle' id='org.eclipse.equinox.concurrent' version='1.1.0.v20130327-1442'>
      <properties size='1'>
        <property name='download.size' value='25493'/>
      </properties>
    </artifact>
    <artifact classifier='osgi.bundle' id='org.apache.batik.util.gui' version='1.8.0.v20170214-1941'>
      <properties size='1'>
        <property name='download.size' value='186490'/>
      </properties>
    </artifact>
    <artifact classifier='osgi.bundle' id='org.apache.felix.gogo.runtime' version='0.10.0.v201209301036'>
      <properties size='1'>
        <property name='download.size' value='80249'/>
      </properties>
    </artifact>
    <artifact classifier='osgi.bundle' id='org.eclipse.equinox.ds' version='1.5.0.v20170307-1429'>
      <properties size='1'>
        <property name='download.size' value='28783'/>
      </properties>
    </artifact>
    <artifact classifier='osgi.bundle' id='org.apache.batik.util' version='1.8.0.v20170214-1941'>
      <properties size='1'>
        <property name='download.size' value='130455'/>
      </properties>
    </artifact>
    <artifact classifier='osgi.bundle' id='org.eclipse.ui.ide.application' version='1.2.0.v20170512-1452'>
      <properties size='1'>
        <property name='download.size' value='101170'/>
      </properties>
    </artifact>
    <artifact classifier='osgi.bundle' id='org.eclipse.ui.navigator' version='3.7.0.v20170418-1342'>
      <properties size='1'>
        <property name='download.size' value='445338'/>
      </properties>
    </artifact>
    <artifact classifier='osgi.bundle' id='org.apache.felix.scr' version='2.0.10.v20170501-2007'>
      <properties size='1'>
        <property name='download.size' value='372304'/>
      </properties>
    </artifact>
    <artifact classifier='osgi.bundle' id='org.eclipse.core.databinding.beans' version='1.4.0.v20170210-0856'>
      <properties size='1'>
        <property name='download.size' value='80164'/>
      </properties>
    </artifact>
    <artifact classifier='osgi.bundle' id='org.eclipse.equinox.common' version='3.9.0.v20170207-1454'>
      <properties size='1'>
        <property name='download.size' value='121509'/>
      </properties>
    </artifact>
    <artifact classifier='osgi.bundle' id='org.eclipse.core.databinding.observable' version='1.6.100.v20170515-1119'>
      <properties size='1'>
        <property name='download.size' value='354601'/>
      </properties>
    </artifact>
    <artifact classifier='osgi.bundle' id='org.eclipse.ui.workbench' version='3.110.1.v20170704-1208'>
      <properties size='1'>
        <property name='download.size' value='3734383'/>
      </properties>
    </artifact>
    <artifact classifier='osgi.bundle' id='org.eclipse.e4.ui.workbench3' version='0.14.0.v20160630-0740'>
      <properties size='1'>
        <property name='download.size' value='10947'/>
      </properties>
    </artifact>
    <artifact classifier='osgi.bundle' id='org.eclipse.equinox.frameworkadmin.equinox' version='1.0.800.v20170524-1345'>
      <properties size='1'>
        <property name='download.size' value='64644'/>
      </properties>
    </artifact>
    <artifact classifier='osgi.bundle' id='org.eclipse.osgi' version='3.12.100.v20180210-1608'>
      <properties size='1'>
        <property name='download.size' value='1387666'/>
      </properties>
    </artifact>
    <artifact classifier='osgi.bundle' id='org.eclipse.ui.ide' version='3.13.1.v20170822-1526'>
      <properties size='1'>
        <property name='download.size' value='2565620'/>
      </properties>
    </artifact>
    <artifact classifier='osgi.bundle' id='org.eclipse.e4.ui.model.workbench' version='2.0.1.v20170713-1800'>
      <properties size='1'>
        <property name='download.size' value='389740'/>
      </properties>
    </artifact>
    <artifact classifier='osgi.bundle' id='org.eclipse.equinox.preferences' version='3.7.0.v20170126-2132'>
      <properties size='1'>
        <property name='download.size' value='133219'/>
      </properties>
    </artifact>
    <artifact classifier='osgi.bundle' id='org.eclipse.team.core' version='3.8.100.v20170516-0820'>
      <properties size='1'>
        <property name='download.size' value='426131'/>
      </properties>
    </artifact>
    <artifact classifier='osgi.bundle' id='org.eclipse.emf.common' version='2.13.0.v20170609-0707'>
      <properties size='1'>
        <property name='download.size' value='358560'/>
      </properties>
    </artifact>
    <artifact classifier='osgi.bundle' id='org.eclipse.emf.ecore.change' version='2.11.0.v20170609-0707'>
      <properties size='1'>
        <property name='download.size' value='86988'/>
      </properties>
    </artifact>
    <artifact classifier='osgi.bundle' id='org.eclipse.equinox.util' version='1.0.500.v20130404-1337'>
      <properties size='1'>
        <property name='download.size' value='77932'/>
      </properties>
    </artifact>
    <artifact classifier='osgi.bundle' id='org.eclipse.equinox.p2.publisher' version='1.4.200.v20170511-1216'>
      <properties size='1'>
        <property name='download.size' value='96448'/>
      </properties>
    </artifact>
    <artifact classifier='osgi.bundle' id='org.eclipse.swt.win32.win32.x86_64' version='3.106.3.v20180329-0507'>
      <properties size='1'>
        <property name='download.size' value='2784242'/>
      </properties>
    </artifact>
    <artifact classifier='osgi.bundle' id='com.ibm.icu' version='58.2.0.v20170418-1837'>
      <properties size='1'>
        <property name='download.size' value='12058281'/>
      </properties>
    </artifact>
    <artifact classifier='osgi.bundle' id='org.eclipse.equinox.p2.director' version='2.3.300.v20160504-1450'>
      <properties size='1'>
        <property name='download.size' value='104577'/>
      </properties>
    </artifact>
    <artifact classifier='osgi.bundle' id='org.sat4j.pb' version='2.3.5.v201404071733'>
      <properties size='1'>
        <property name='download.size' value='241956'/>
      </properties>
    </artifact>
    <artifact classifier='osgi.bundle' id='org.eclipse.equinox.p2.repository' version='2.3.301.v20170906-1259'>
      <properties size='1'>
        <property name='download.size' value='134332'/>
      </properties>
    </artifact>
    <artifact classifier='osgi.bundle' id='org.eclipse.ui.forms' version='3.7.101.v20170815-1446'>
      <properties size='1'>
        <property name='download.size' value='326608'/>
      </properties>
    </artifact>
    <artifact classifier='osgi.bundle' id='org.eclipse.core.contenttype' version='3.6.0.v20170207-1037'>
      <properties size='1'>
        <property name='download.size' value='104299'/>
      </properties>
    </artifact>
    <artifact classifier='osgi.bundle' id='org.eclipse.core.filesystem' version='1.7.0.v20170406-1337'>
      <properties size='1'>
        <property name='download.size' value='66690'/>
      </properties>
    </artifact>
    <artifact classifier='osgi.bundle' id='org.eclipse.team.ui' version='3.8.1.v20170515-1133'>
      <properties size='1'>
        <property name='download.size' value='1634521'/>
      </properties>
    </artifact>
    <artifact classifier='osgi.bundle' id='org.eclipse.e4.core.di.extensions.supplier' version='0.15.0.v20170407-0928'>
      <properties size='1'>
        <property name='download.size' value='35137'/>
      </properties>
    </artifact>
    <artifact classifier='osgi.bundle' id='org.eclipse.core.expressions' version='3.6.0.v20170207-1037'>
      <properties size='1'>
        <property name='download.size' value='91726'/>
      </properties>
    </artifact>
    <artifact classifier='osgi.bundle' id='org.eclipse.e4.core.di.extensions' version='0.15.0.v20170228-1728'>
      <properties size='1'>
        <property name='download.size' value='11425'/>
      </properties>
    </artifact>
    <artifact classifier='osgi.bundle' id='org.eclipse.update.configurator' version='3.3.400.v20160506-0750'>
      <properties size='1'>
        <property name='download.size' value='102634'/>
      </properties>
    </artifact>
    <artifact classifier='osgi.bundle' id='org.apache.commons.logging' version='1.1.1.v201101211721'>
      <properties size='1'>
        <property name='download.size' value='74240'/>
      </properties>
    </artifact>
    <artifact classifier='osgi.bundle' id='org.w3c.dom.events' version='3.0.0.draft20060413_v201105210656'>
      <properties size='1'>
        <property name='download.size' value='13309'/>
      </properties>
    </artifact>
    <artifact classifier='osgi.bundle' id='org.eclipse.e4.core.contexts' version='1.6.0.v20170322-1144'>
      <properties size='1'>
        <property name='download.size' value='48411'/>
      </properties>
    </artifact>
    <artifact classifier='osgi.bundle' id='org.apache.felix.gogo.command' version='0.10.0.v201209301215'>
      <properties size='1'>
        <property name='download.size' value='57646'/>
      </properties>
    </artifact>
    <artifact classifier='osgi.bundle' id='org.eclipse.jface.text' version='3.12.2.v20180112-1341'>
      <properties size='1'>
        <property name='download.size' value='1081239'/>
      </properties>
    </artifact>
    <artifact classifier='osgi.bundle' id='org.eclipse.equinox.frameworkadmin' version='2.0.300.v20160504-1450'>
      <properties size='1'>
        <property name='download.size' value='37428'/>
      </properties>
    </artifact>
    <artifact classifier='osgi.bundle' id='org.eclipse.text' version='3.6.100.v20170203-0814'>
      <properties size='1'>
        <property name='download.size' value='269466'/>
      </properties>
    </artifact>
    <artifact classifier='osgi.bundle' id='org.eclipse.core.filebuffers' version='3.6.100.v20170203-1130'>
      <properties size='1'>
        <property name='download.size' value='120247'/>
      </properties>
    </artifact>
    <artifact classifier='osgi.bundle' id='org.eclipse.ui.editors' version='3.11.0.v20170202-1823'>
      <properties size='1'>
        <property name='download.size' value='638547'/>
      </properties>
    </artifact>
    <artifact classifier='osgi.bundle' id='org.eclipse.e4.core.commands' version='0.12.100.v20170513-0428'>
      <properties size='1'>
        <property name='download.size' value='25607'/>
      </properties>
    </artifact>
    <artifact classifier='osgi.bundle' id='org.eclipse.equinox.p2.artifact.repository' version='1.1.650.v20170928-1405'>
      <properties size='1'>
        <property name='download.size' value='141283'/>
      </properties>
    </artifact>
    <artifact classifier='osgi.bundle' id='org.eclipse.equinox.p2.directorywatcher' version='1.1.100.v20150423-1455'>
      <properties size='1'>
        <property name='download.size' value='33007'/>
      </properties>
    </artifact>
    <artifact classifier='osgi.bundle' id='org.eclipse.equinox.p2.core' version='2.4.101.v20170906-1259'>
      <properties size='1'>
        <property name='download.size' value='74470'/>
      </properties>
    </artifact>
    <artifact classifier='osgi.bundle' id='org.eclipse.core.variables' version='3.4.0.v20170113-2056'>
      <properties size='1'>
        <property name='download.size' value='36040'/>
      </properties>
    </artifact>
    <artifact classifier='osgi.bundle' id='org.eclipse.jface.databinding' version='1.8.100.v20170503-1507'>
      <properties size='1'>
        <property name='download.size' value='292294'/>
      </properties>
    </artifact>
    <artifact classifier='osgi.bundle' id='org.eclipse.equinox.p2.garbagecollector' version='1.0.300.v20160504-1450'>
      <properties size='1'>
        <property name='download.size' value='25987'/>
      </properties>
    </artifact>
    <artifact classifier='osgi.bundle' id='org.eclipse.equinox.p2.reconciler.dropins' version='1.1.400.v20160504-1450'>
      <properties size='1'>
        <property name='download.size' value='49357'/>
      </properties>
    </artifact>
    <artifact classifier='osgi.bundle' id='org.eclipse.e4.ui.workbench' version='1.5.1.v20170815-1446'>
      <properties size='1'>
        <property name='download.size' value='261842'/>
      </properties>
    </artifact>
    <artifact classifier='osgi.bundle' id='org.eclipse.help' version='3.8.1.v20170815-1448'>
      <properties size='1'>
        <property name='download.size' value='270019'/>
      </properties>
    </artifact>
    <artifact classifier='osgi.bundle' id='org.eclipse.emf.ecore' version='2.13.0.v20170609-0707'>
      <properties size='1'>
        <property name='download.size' value='1202399'/>
      </properties>
    </artifact>
    <artifact classifier='osgi.bundle' id='org.eclipse.emf.databinding' version='1.3.0.v20170609-0928'>
      <properties size='1'>
        <property name='download.size' value='89442'/>
      </properties>
    </artifact>
    <artifact classifier='osgi.bundle' id='org.eclipse.ui.console' version='3.7.1.v20170728-0806'>
      <properties size='1'>
        <property name='download.size' value='209259'/>
      </properties>
    </artifact>
    <artifact classifier='osgi.bundle' id='org.eclipse.zest.layouts' version='1.1.300.201606061308'>
      <properties size='1'>
        <property name='download.size' value='133142'/>
      </properties>
    </artifact>
    <artifact classifier='osgi.bundle' id='org.eclipse.core.net' version='1.3.100.v20170516-0820'>
      <properties size='1'>
        <property name='download.size' value='74737'/>
      </properties>
    </artifact>
    <artifact classifier='osgi.bundle' id='org.w3c.dom.smil' version='1.0.1.v200903091627'>
      <properties size='1'>
        <property name='download.size' value='19439'/>
      </properties>
    </artifact>
    <artifact classifier='osgi.bundle' id='org.eclipse.e4.core.services' version='2.1.0.v20170407-0928'>
      <properties size='1'>
        <property name='download.size' value='56924'/>
      </properties>
    </artifact>
    <artifact classifier='osgi.bundle' id='org.eclipse.ltk.core.refactoring' version='3.8.0.v20170105-1156'>
      <properties size='1'>
        <property name='download.size' value='346369'/>
      </properties>
    </artifact>
    <artifact classifier='osgi.bundle' id='org.eclipse.compare.core' version='3.6.100.v20170516-0820'>
      <properties size='1'>
        <property name='download.size' value='67848'/>
      </properties>
    </artifact>
    <artifact classifier='osgi.bundle' id='org.eclipse.e4.ui.workbench.renderers.swt' version='0.14.102.v20180117-1153'>
      <properties size='1'>
        <property name='download.size' value='262139'/>
      </properties>
    </artifact>
    <artifact classifier='osgi.bundle' id='org.eclipse.equinox.p2.extensionlocation' version='1.2.300.v20160419-0834'>
      <properties size='1'>
        <property name='download.size' value='36213'/>
      </properties>
    </artifact>
    <artifact classifier='osgi.bundle' id='javax.inject' version='1.0.0.v20091030'>
      <properties size='1'>
        <property name='download.size' value='12288'/>
      </properties>
    </artifact>
    <artifact classifier='osgi.bundle' id='org.eclipse.ltk.ui.refactoring' version='3.9.0.v20170412-0825'>
      <properties size='1'>
        <property name='download.size' value='506588'/>
      </properties>
    </artifact>
    <artifact classifier='osgi.bundle' id='org.eclipse.equinox.p2.publisher.eclipse' version='1.2.201.v20170906-1259'>
      <properties size='1'>
        <property name='download.size' value='233516'/>
      </properties>
    </artifact>
    <artifact classifier='osgi.bundle' id='org.eclipse.equinox.security' version='1.2.300.v20170505-1235'>
      <properties size='1'>
        <property name='download.size' value='109819'/>
      </properties>
    </artifact>
    <artifact classifier='osgi.bundle' id='org.eclipse.ui.workbench.texteditor' version='3.10.100.v20170426-2021'>
      <properties size='1'>
        <property name='download.size' value='669037'/>
      </properties>
    </artifact>
    <artifact classifier='osgi.bundle' id='org.eclipse.equinox.registry' version='3.7.0.v20170222-1344'>
      <properties size='1'>
        <property name='download.size' value='187348'/>
      </properties>
    </artifact>
    <artifact classifier='osgi.bundle' id='org.eclipse.equinox.bidi' version='1.1.0.v20160728-1031'>
      <properties size='1'>
        <property name='download.size' value='49765'/>
      </properties>
    </artifact>
    <artifact classifier='osgi.bundle' id='org.eclipse.e4.core.di' version='1.6.100.v20170421-1418'>
      <properties size='1'>
        <property name='download.size' value='54497'/>
      </properties>
    </artifact>
    <artifact classifier='osgi.bundle' id='org.eclipse.core.databinding' version='1.6.100.v20170515-1119'>
      <properties size='1'>
        <property name='download.size' value='207916'/>
      </properties>
    </artifact>
    <artifact classifier='osgi.bundle' id='org.eclipse.osgi.services' version='3.6.0.v20170228-1906'>
      <properties size='1'>
        <property name='download.size' value='121220'/>
      </properties>
    </artifact>
    <artifact classifier='osgi.bundle' id='org.eclipse.e4.core.di.annotations' version='1.6.0.v20170119-2002'>
      <properties size='1'>
        <property name='download.size' value='12282'/>
      </properties>
    </artifact>
    <artifact classifier='osgi.bundle' id='org.eclipse.zest.core' version='1.5.300.201606061308'>
      <properties size='1'>
        <property name='download.size' value='150762'/>
      </properties>
    </artifact>
    <artifact classifier='osgi.bundle' id='org.eclipse.e4.emf.xpath' version='0.2.0.v20160630-0728'>
      <properties size='1'>
        <property name='download.size' value='50090'/>
      </properties>
    </artifact>
    <artifact classifier='osgi.bundle' id='org.eclipse.ui' version='3.109.0.v20170411-1742'>
      <properties size='1'>
        <property name='download.size' value='469879'/>
      </properties>
    </artifact>
    <artifact classifier='osgi.bundle' id='org.eclipse.ui.views' version='3.9.0.v20170226-1833'>
      <properties size='1'>
        <property name='download.size' value='110185'/>
      </properties>
    </artifact>
    <artifact classifier='osgi.bundle' id='org.eclipse.equinox.p2.metadata' version='2.3.200.v20170511-1106'>
      <properties size='1'>
        <property name='download.size' value='343548'/>
      </properties>
    </artifact>
    <artifact classifier='osgi.bundle' id='org.eclipse.draw2d' version='3.10.100.201606061308'>
      <properties size='1'>
        <property name='download.size' value='616652'/>
      </properties>
    </artifact>
    <artifact classifier='osgi.bundle' id='org.w3c.css.sac' version='1.3.1.v200903091627'>
      <properties size='1'>
        <property name='download.size' value='32952'/>
      </properties>
    </artifact>
    <artifact classifier='osgi.bundle' id='org.eclipse.equinox.p2.engine' version='2.5.0.v20170319-2002'>
      <properties size='1'>
        <property name='download.size' value='214862'/>
      </properties>
    </artifact>
    <artifact classifier='osgi.bundle' id='org.eclipse.e4.ui.bindings' version='0.12.1.v20170823-1632'>
      <properties size='1'>
        <property name='download.size' value='51412'/>
      </properties>
    </artifact>
    <artifact classifier='osgi.bundle' id='org.eclipse.e4.ui.workbench.swt' version='0.14.101.v20170710-1119'>
      <properties size='1'>
        <property name='download.size' value='172134'/>
      </properties>
    </artifact>
    <artifact classifier='osgi.bundle' id='org.eclipse.e4.ui.css.swt.theme' version='0.11.0.v20170312-2302'>
      <properties size='1'>
        <property name='download.size' value='28379'/>
      </properties>
    </artifact>
    <artifact classifier='osgi.bundle' id='org.eclipse.osgi.util' version='3.4.0.v20170111-1608'>
      <properties size='1'>
        <property name='download.size' value='50252'/>
      </properties>
    </artifact>
    <artifact classifier='osgi.bundle' id='org.eclipse.ui.views.properties.tabbed' version='3.8.1.v20170713-0803'>
      <properties size='1'>
        <property name='download.size' value='117168'/>
      </properties>
    </artifact>
    <artifact classifier='osgi.bundle' id='org.eclipse.equinox.p2.jarprocessor' version='1.0.500.v20160504-1450'>
      <properties size='1'>
        <property name='download.size' value='72608'/>
      </properties>
    </artifact>
    <artifact classifier='osgi.bundle' id='org.eclipse.core.resources' version='3.12.0.v20170417-1558'>
      <properties size='1'>
        <property name='download.size' value='891666'/>
      </properties>
    </artifact>
    <artifact classifier='osgi.bundle' id='org.eclipse.core.filesystem.win32.x86_64' version='1.4.0.v20140124-1940'>
      <properties size='1'>
        <property name='download.size' value='32009'/>
      </properties>
    </artifact>
    <artifact classifier='osgi.bundle' id='org.eclipse.fx.osgi' version='3.0.0.201705220748'>
      <properties size='1'>
        <property name='download.size' value='20754'/>
      </properties>
    </artifact>
    <artifact classifier='osgi.bundle' id='org.eclipse.equinox.p2.touchpoint.eclipse' version='2.1.501.v20170906-1259'>
      <properties size='1'>
        <property name='download.size' value='128914'/>
      </properties>
    </artifact>
    <artifact classifier='osgi.bundle' id='org.apache.batik.css' version='1.8.0.v20170214-1941'>
      <properties size='1'>
        <property name='download.size' value='292909'/>
      </properties>
    </artifact>
  </artifacts>
</repository>
